<!--
~ Copyright (c) 2015, WSO2 Inc. (http://www.wso2.org) All Rights Reserved.
~
~ WSO2 Inc. licenses this file to you under the Apache License,
~ Version 2.0 (the "License"); you may not use this file except
~ in compliance with the License.
~ You may obtain a copy of the License at
~
~    http://www.apache.org/licenses/LICENSE-2.0
~
~ Unless required by applicable law or agreed to in writing,
~ software distributed under the License is distributed on an
~ "AS IS" BASIS, WITHOUT WARRANTIES OR CONDITIONS OF ANY
~ KIND, either express or implied.  See the License for the
~ specific language governing permissions and limitations
~ under the License.
-->
<Scopes>
    <Scope id="openid">
        <Claim>
            sub,email,email_verified,name,family_name,given_name,middle_name,nickname,preferred_username,upn,groups,profile,picture,website,gender,birthdate,zoneinfo,locale,updated_at,phone_number,phone_number_verified,address,street_address,country,formatted,postal_code,locality,region
        </Claim>
    </Scope>
    <Scope id="email">
        <Claim>email,email_verified</Claim>
    </Scope>
    <Scope id="profile">
        <Claim>name,family_name,given_name,middle_name,nickname,preferred_username,profile,picture,website,gender,birthdate,zoneinfo,locale,updated_at
        </Claim>
    </Scope>
    <Scope id="phone">
        <Claim>phone_number,phone_number_verified</Claim>
    </Scope>
    <Scope id="address">
        <Claim>address,street_address</Claim>
    </Scope>
</Scopes>
