<?xml version="1.0" encoding="ISO-8859-1"?>
<parameter name="customSSLProfiles">
    <profile>
        <servers>*</servers>
        <KeyStore>
            <Location>repository/resources/security/newkeystore.jks</Location>
            <Type>JKS</Type>
            <Password>Devops2019</Password>
            <KeyPassword>Devops2019</KeyPassword>
        </KeyStore>
        <TrustStore>
            <Location>repository/resources/security/client-truststore.jks</Location>
            <Type>JKS</Type>
            <Password>wso2carbon</Password>
        </TrustStore>
    </profile>
</parameter>
