<sequence xmlns="http://ws.apache.org/ns/synapse" name="json_validator">
    <log level="custom">
        <property name="IN_MESSAGE" value="json_validator"/>
    </log>
    <property name="maxPropertyCount"  value = "100"/>
    <property name="maxStringLength"  value = "100"/>
    <property name="maxArrayElementCount"  value = "100"/>
    <property name="maxKeyLength"  value = "100"/>
    <property name="maxJsonDepth"  value = "100"/>
    <property name="RequestMessageBufferSize" value="1024"/>
    <class name="org.wso2.carbon.apimgt.gateway.mediators.JsonSchemaValidator"/>
</sequence>