<?xml version="1.0" encoding="ISO-8859-1"?>
<!--
  ~  Copyright (c) 2005-2010, WSO2 Inc. (http://wso2.com) All Rights Reserved.
  ~
  ~  WSO2 Inc. licenses this file to you under the Apache License,
  ~  Version 2.0 (the "License"); you may not use this file except
  ~  in compliance with the License.
  ~  You may obtain a copy of the License at
  ~
  ~    http://www.apache.org/licenses/LICENSE-2.0
  ~
  ~  Unless required by applicable law or agreed to in writing,
  ~  software distributed under the License is distributed on an
  ~  "AS IS" BASIS, WITHOUT WARRANTIES OR CONDITIONS OF ANY
  ~  KIND, either express or implied.  See the License for the
  ~  specific language governing permissions and limitations
  ~  under the License.
  -->

<axisconfig name="AxisJava2.0">

    <!-- ================================================= -->
    <!--                  Parameters                       -->
    <!-- ================================================= -->

    <!-- Change this to true if you want to enable hot deployment of services -->
    <parameter name="hotdeployment" locked="false">true</parameter>
    <!-- Change this to true if you want to enable hot update of services -->
    <parameter name="hotupdate" locked="false">true</parameter>

    <!-- Change this to true if you want to enable MTOM -->
    <parameter name="enableMTOM" locked="false">false</parameter>
    <!-- Change this to true if you want to enable SwA -->
    <parameter name="enableSwA" locked="false">false</parameter>

    <!-- If you want to enable file caching for attachments change this to true -->
    <parameter name="cacheAttachments" locked="false">false</parameter>
    <!-- Attachment file caching location relative to CARBON_HOME -->
    <parameter name="attachmentDIR" locked="false">work/mtom</parameter>
    <!-- Attachment file cache threshold size -->
    <parameter name="sizeThreshold" locked="false">4000</parameter>

    <!-- Completely disable REST handling in Axis2/Synapse if the value is true -->
    <parameter name="disableREST" locked="false">false</parameter>

    <!-- Sandesha2 persistance storage manager -->
    <parameter name="Sandesha2StorageManager" locked="false">inmemory</parameter>

    <!-- Our HTTP endpoints can handle both REST and SOAP under the following service path. In -->
    <!-- case of a servlet container, if you change this you have to manually change the -->
    <!-- settings of your servlet container to map this context path to proper Axis2 servlets -->
    <parameter name="servicePath" locked="false">services</parameter>

    <!--the directory in which .aar services are deployed inside axis2 repository-->
    <parameter name="ServicesDirectory">axis2services</parameter>

    <!--the directory in which modules are deployed inside axis2 repository-->
    <parameter name="ModulesDirectory">axis2modules</parameter>

    <!-- User agent and the server details to be used in the http communication -->
    <parameter name="userAgent" locked="true">WSO2 AM 2.1.0</parameter>
    <parameter name="server" locked="true">WSO2 AM 2.1.0</parameter>

    <!-- During a fault, stacktrace can be sent with the fault message. The following flag -->
    <!-- will control that behaviour -->
    <parameter name="sendStacktraceDetailsWithFaults" locked="false">false</parameter>

    <!-- If there aren't any information available to find out the fault reason, we set the -->
    <!-- message of the exception as the faultreason/Reason. But when a fault is thrown from -->
    <!-- a service or some where, it will be wrapped by different levels. Due to this the -->
    <!-- initial exception message can be lost. If this flag is set then, Axis2 tries to get -->
    <!-- the first exception and set its message as the faultreason/Reason. -->
    <parameter name="DrillDownToRootCauseForFaultReason" locked="false">false</parameter>

    <!-- Set the flag to true if you want to enable transport level session management -->
    <parameter name="manageTransportSession" locked="false">true</parameter>

    <!-- This will give out the timout of the configuration contexts, in milliseconds -->
    <parameter name="ConfigContextTimeoutInterval" locked="false">30000</parameter>

    <!-- Synapse Configuration file location relative to CARBON_HOME -->
    <parameter name="SynapseConfig.ConfigurationFile" locked="false">repository/deployment/server/synapse-configs</parameter>
    <!-- Synapse Home parameter -->
    <parameter name="SynapseConfig.HomeDirectory" locked="false">.</parameter>
    <!-- Resolve root used to resolve synapse references like schemas inside a WSDL -->
    <parameter name="SynapseConfig.ResolveRoot" locked="false">.</parameter>
    <!-- Synapse Server name parameter -->
    <parameter name="SynapseConfig.ServerName" locked="false">apies.northeurope.cloudapp.azure.com</parameter>

    <!-- To override repository/services you need to uncomment following parameter and value -->
    <!-- SHOULD be absolute file path. -->
    <!--<parameter name="ServicesDirectory" locked="false">service</parameter>-->

    <!-- To override repository/modules you need to uncomment following parameter and value -->
    <!-- SHOULD be absolute file path. -->
    <!--<parameter name="ModulesDirectory" locked="false">modules</parameter>-->

    <!-- If you have a frontend host which exposes this webservice using a different public URL -->
    <!-- use this parameter to override autodetected url -->
    <!--<parameter name="httpFrontendHostUrl" locked="false">https://someotherhost/context</parameter>-->

    <!-- ================================================= -->
    <!--                  Listeners                        -->
    <!-- ================================================= -->

    <!-- This deployment interceptor will be called whenever before a module is initialized or -->
    <!-- service is deployed -->
    <listener class="org.wso2.carbon.core.deployment.DeploymentInterceptor"/>

    <!-- ================================================= -->
    <!--                  Deployers                        -->
    <!-- ================================================= -->

    <!-- Deployer for the dataservice. -->
    <!--<deployer extension="dbs" directory="dataservices" class="org.wso2.dataservices.DBDeployer"/>-->

    <!-- Axis1 deployer for Axis2 -->
    <!--<deployer extension="wsdd" class="org.wso2.carbon.axis1services.Axis1Deployer" directory="axis1services"/>-->

    <!-- POJO service deployer for Jar -->
    <!--<deployer extension="jar" class="org.apache.axis2.deployment.POJODeployer" directory="pojoservices"/>-->

    <!-- POJO service deployer for Class -->
    <!--<deployer extension="class" class="org.apache.axis2.deployment.POJODeployer" directory="pojoservices"/>-->

    <!-- JAXWS service deployer -->
    <!--<deployer extension=".jar" class="org.apache.axis2.jaxws.framework.JAXWSDeployer" directory="servicejars"/>-->

    <!-- ================================================= -->
    <!--                Message Receivers                  -->
    <!-- ================================================= -->

    <!-- This is the set of default Message Receivers for the system, if you want to have -->
    <!-- message receivers for any of the other Message exchange Patterns (MEP) implement it -->
    <!-- and add the implementation class to here, so that you can refer from any operation -->
    <!-- Note : You can override this for particular service by adding this same element to the -->
    <!-- services.xml with your preferences -->
    <messageReceivers>
        <messageReceiver mep="http://www.w3.org/ns/wsdl/in-only"
                         class="org.apache.axis2.rpc.receivers.RPCInOnlyMessageReceiver"/>
        <messageReceiver mep="http://www.w3.org/ns/wsdl/robust-in-only"
                         class="org.apache.axis2.rpc.receivers.RPCInOnlyMessageReceiver"/>
        <messageReceiver mep="http://www.w3.org/ns/wsdl/in-out"
                         class="org.apache.axis2.rpc.receivers.RPCMessageReceiver"/>
    </messageReceivers>

    <!-- ================================================= -->
    <!--                Message Formatters                 -->
    <!-- ================================================= -->

    <!-- Following content type to message formatter mapping can be used to implement support -->
    <!-- for different message format serializations in Axis2. These message formats are -->
    <!-- expected to be resolved based on the content type. -->
    <messageFormatters>
       <messageFormatter contentType="application/x-www-form-urlencoded"
                          class="org.apache.axis2.transport.http.XFormURLEncodedFormatter"/>
        <messageFormatter contentType="multipart/form-data"
                          class="org.apache.axis2.transport.http.MultipartFormDataFormatter"/>
        <messageFormatter contentType="text/html"
                          class="org.apache.axis2.transport.http.ApplicationXMLFormatter"/>
        <messageFormatter contentType="application/xml"
                          class="org.apache.axis2.transport.http.ApplicationXMLFormatter"/>
        <messageFormatter contentType="text/xml"
                         class="org.apache.axis2.transport.http.SOAPMessageFormatter"/>
        <messageFormatter contentType="application/soap+xml"
                         class="org.apache.axis2.transport.http.SOAPMessageFormatter"/>
        <messageFormatter contentType="text/plain"
                         class="org.apache.axis2.format.PlainTextFormatter"/>

        <!--JSON Message Formatters-->
        <messageFormatter contentType="application/json"
                          class="org.apache.synapse.commons.json.JsonStreamFormatter"/>
        <!--messageFormatter contentType="application/json"
                          class="org.apache.synapse.commons.json.JsonFormatter"/-->
        <messageFormatter contentType="application/json/badgerfish"
                          class="org.apache.axis2.json.JSONBadgerfishMessageFormatter"/>
        <messageFormatter contentType="text/javascript"
                          class="org.apache.axis2.json.JSONMessageFormatter"/>
        <messageFormatter contentType="application/octet-stream" 
                          class="org.wso2.carbon.relay.ExpandingMessageFormatter"/>

        <!-- See https://wso2.org/jira/browse/ESBJAVA-1725 before enabling bellow line -->
        <!--messageFormatter contentType=".*"
                        class="org.wso2.carbon.relay.ExpandingMessageFormatter"/-->

        <!--messageFormatter contentType="application/x-www-form-urlencoded"
                        class="org.wso2.carbon.relay.ExpandingMessageFormatter"/>
        <messageFormatter contentType="multipart/form-data"
                        class="org.wso2.carbon.relay.ExpandingMessageFormatter"/>
        <messageFormatter contentType="multipart/related"
                          class="org.wso2.carbon.relay.ExpandingMessageFormatter"/>
        <messageFormatter contentType="application/xml"
                        class="org.wso2.carbon.relay.ExpandingMessageFormatter"/>
        <messageFormatter contentType="text/html"
                        class="org.wso2.carbon.relay.ExpandingMessageFormatter"/>
        <messageFormatter contentType="text/plain"
                          class="org.wso2.carbon.relay.ExpandingMessageFormatter"/>
        <messageFormatter contentType="application/soap+xml"
                        class="org.wso2.carbon.relay.ExpandingMessageFormatter"/>
        <messageFormatter contentType="text/xml"
                        class="org.wso2.carbon.relay.ExpandingMessageFormatter"/>
        <messageFormatter contentType="application/json"
                          class="org.wso2.carbon.relay.ExpandingMessageFormatter"/>
        <messageFormatter contentType="application/json/badgerfish"
                          class="org.wso2.carbon.relay.ExpandingMessageFormatter"/>
        <messageFormatter contentType="text/javascript"
                          class="org.wso2.carbon.relay.ExpandingMessageFormatter"/>
        <messageFormatter contentType="application/octet-stream"
                          class="org.wso2.carbon.relay.ExpandingMessageFormatter"/-->

	    <!--messageFormatter contentType="x-application/hessian"
                         class="org.apache.synapse.format.hessian.HessianMessageFormatter"/>
        <messageFormatter contentType=""
                         class="org.apache.synapse.format.hessian.HessianMessageFormatter"/-->
    </messageFormatters>

    <!-- ================================================= -->
    <!--                Message Builders                   -->
    <!-- ================================================= -->

    <!-- Following content type to builder mapping can be used to implement support for -->
    <!-- different message formats in Axis2. These message formats are expected to be -->
    <!-- resolved based on the content type. -->
    <messageBuilders>
	<messageBuilder contentType="application/xml"
                        class="org.apache.axis2.builder.ApplicationXMLBuilder"/>
        <messageBuilder contentType="text/html"
                        class="org.wso2.carbon.relay.BinaryRelayBuilder"/>
        <messageBuilder contentType="application/x-www-form-urlencoded"
                        class="org.apache.synapse.commons.builders.XFormURLEncodedBuilder"/>
        <messageBuilder contentType="multipart/form-data"
                        class="org.apache.axis2.builder.MultipartFormDataBuilder"/>
        <messageBuilder contentType="text/plain"
                        class="org.apache.axis2.format.PlainTextBuilder"/>

        <!--JSON Message Builders-->
        <messageBuilder contentType="application/json"
                        class="org.apache.synapse.commons.json.JsonStreamBuilder"/>
        <!--messageBuilder contentType="application/json"
                        class="org.apache.synapse.commons.json.JsonBuilder"/-->
        <messageBuilder contentType="application/json/badgerfish"
                        class="org.apache.axis2.json.JSONBadgerfishOMBuilder"/>
        <messageBuilder contentType="text/javascript"
                        class="org.apache.axis2.json.JSONBuilder"/>
        <messageBuilder contentType="application/octet-stream" 
                        class="org.wso2.carbon.relay.BinaryRelayBuilder"/>

        <!--messageBuilder contentType="text/javascript"
                        class="org.apache.axis2.json.JSONStreamBuilder"/-->

        <!--See  https://wso2.org/jira/browse/ESBJAVA-1725 before enabling bellow line -->
	<!--messageBuilder contentType=".*"
                        class="org.wso2.carbon.relay.BinaryRelayBuilder"/-->

	<!--messageBuilder contentType="application/xml"
                        class="org.wso2.carbon.relay.BinaryRelayBuilder"/>
        <messageBuilder contentType="application/x-www-form-urlencoded"
                        class="org.wso2.carbon.relay.BinaryRelayBuilder"/>
        <messageBuilder contentType="multipart/form-data"
                        class="org.wso2.carbon.relay.BinaryRelayBuilder"/>
        <messageBuilder contentType="multipart/related"
                       class="org.wso2.carbon.relay.BinaryRelayBuilder"/>
        <messageBuilder contentType="application/soap+xml"
                       class="org.wso2.carbon.relay.BinaryRelayBuilder"/>
        <messageBuilder contentType="text/plain"
                       class="org.wso2.carbon.relay.BinaryRelayBuilder"/>
        <messageBuilder contentType="text/html"
                        class="org.wso2.carbon.relay.BinaryRelayBuilder"/>
        <messageBuilder contentType="text/xml"
                       class="org.wso2.carbon.relay.BinaryRelayBuilder"/>
        <messageBuilder contentType="application/json"
                        class="org.wso2.carbon.relay.BinaryRelayBuilder"/>
        <messageBuilder contentType="application/json/badgerfish"
                        class="org.wso2.carbon.relay.BinaryRelayBuilder"/>
        <messageBuilder contentType="text/javascript"
                        class="org.wso2.carbon.relay.BinaryRelayBuilder"/>
        <messageBuilder contentType="application/octet-stream"
                        class="org.wso2.carbon.relay.BinaryRelayBuilder"/-->

        <!--messageBuilder contentType="x-application/hessian"
                        class="org.apache.synapse.format.hessian.HessianMessageBuilder"/>
        <messageBuilder contentType=""
                         class="org.apache.synapse.format.hessian.HessianMessageBuilder"/-->
    </messageBuilders>

    <!-- ================================================= -->
    <!--             Transport Ins (Listeners)             -->
    <!-- ================================================= -->

    <transportReceiver name="http" class="org.apache.synapse.transport.passthru.PassThroughHttpListener">
        <parameter name="port" locked="false">8280</parameter>
        <parameter name="non-blocking" locked="false">true</parameter>
        <!--parameter name="bind-address" locked="false">hostname or IP address</parameter-->
        <!--parameter name="WSDLEPRPrefix" locked="false">https://apachehost:port/somepath</parameter-->
        <parameter name="httpGetProcessor" locked="false">org.wso2.carbon.mediation.transport.handlers.PassThroughNHttpGetProcessor</parameter>
        <!--<parameter name="priorityConfigFile" locked="false">location of priority configuration file</parameter>-->
    </transportReceiver>

    <!-- the non blocking http transport based on HttpCore + NIO extensions -->
    <!--transportReceiver name="http" class="org.apache.synapse.transport.nhttp.HttpCoreNIOListener">
        <parameter name="port" locked="false">8280</parameter>
        <parameter name="non-blocking" locked="false">true</parameter-->
        <!--parameter name="bind-address" locked="false">hostname or IP address</parameter-->
        <!--parameter name="WSDLEPRPrefix" locked="false">https://apachehost:port/somepath</parameter-->
        <!--parameter name="httpGetProcessor" locked="false">org.wso2.carbon.transport.nhttp.api.NHttpGetProcessor</parameter-->
        <!--<parameter name="priorityConfigFile" locked="false">location of priority configuration file</parameter>
    </transportReceiver-->

   <transportReceiver name="https" class="org.apache.synapse.transport.passthru.PassThroughHttpSSLListener">
        <parameter name="port" locked="false">8443</parameter>
        <parameter name="non-blocking" locked="false">true</parameter>
        <!--parameter name="bind-address" locked="false">hostname or IP address</parameter-->
        <!--parameter name="WSDLEPRPrefix" locked="false">https://apachehost:port/somepath</parameter-->
       <parameter name="httpGetProcessor" locked="false">org.wso2.carbon.mediation.transport.handlers.PassThroughNHttpGetProcessor</parameter>
        <parameter name="keystore" locked="false">
            <KeyStore>
                <Location>repository/resources/security/newkeystore.jks</Location>
                <Type>JKS</Type>
                <Password>Devops2019</Password>
                <KeyPassword>Devops2019</KeyPassword>
            </KeyStore>
        </parameter>
        <parameter name="truststore" locked="false">
            <TrustStore>
                <Location>repository/resources/security/client-truststore.jks</Location>
                <Type>JKS</Type>
                <Password>wso2carbon</Password>
            </TrustStore>
        </parameter>
        <!--<parameter name="SSLVerifyClient">require</parameter>
            supports optional|require or defaults to none -->
    </transportReceiver>

    <!-- the non blocking https transport based on HttpCore + SSL-NIO extensions -->
    <!--transportReceiver name="https" class="org.apache.synapse.transport.nhttp.HttpCoreNIOSSLListener">
        <parameter name="port" locked="false">8443</parameter>
        <parameter name="non-blocking" locked="false">true</parameter-->
        <!--parameter name="bind-address" locked="false">hostname or IP address</parameter-->
        <!--parameter name="WSDLEPRPrefix" locked="false">https://apachehost:port/somepath</parameter-->
        <!--<parameter name="priorityConfigFile" locked="false">location of priority configuration file</parameter>-->
        <!--parameter name="httpGetProcessor" locked="false">org.wso2.carbon.transport.nhttp.api.NHttpGetProcessor</parameter>
        <parameter name="keystore" locked="false">
            <KeyStore>
                <Location>repository/resources/security/newkeystore.jks</Location>
                <Type>JKS</Type>
                <Password>Devops2019</Password>
                <KeyPassword>Devops2019</KeyPassword>
            </KeyStore>
        </parameter>
        <parameter name="truststore" locked="false">
            <TrustStore>
                <Location>repository/resources/security/client-truststore.jks</Location>
                <Type>JKS</Type>
                <Password>wso2carbon</Password>
            </TrustStore>
        </parameter-->
        <!--<parameter name="SSLVerifyClient">require</parameter>
            supports optional|require or defaults to none -->
    <!--/transportReceiver-->

    <transportReceiver name="local" class="org.wso2.carbon.core.transports.local.CarbonLocalTransportReceiver"/>
    <!-- Pass-through HTTP Transport Receivers -->
    <!--<transportReceiver name="passthru-http" class="org.wso2.carbon.transport.passthru.PassThroughHttpListener">
        <parameter name="port">8281</parameter>
        <parameter name="non-blocking">true</parameter>-->
        <!--parameter name="bind-address" locked="false">hostname or IP address</parameter-->
        <!--parameter name="WSDLEPRPrefix" locked="false">https://apachehost:port/somepath</parameter-->
    <!--</transportReceiver>-->

    <!--<transportReceiver name="passthru-https" class="org.wso2.carbon.transport.passthru.PassThroughHttpSSLListener">
        <parameter name="port" locked="false">8244</parameter>
        <parameter name="non-blocking" locked="false">true</parameter>-->
        <!--parameter name="bind-address" locked="false">hostname or IP address</parameter-->
        <!--parameter name="WSDLEPRPrefix" locked="false">https://apachehost:port/somepath</parameter-->
        <!--<parameter name="keystore" locked="false">
            <KeyStore>
                <Location>repository/resources/security/newkeystore.jks</Location>
                <Type>JKS</Type>
                <Password>Devops2019</Password>
                <KeyPassword>Devops2019</KeyPassword>
            </KeyStore>
        </parameter>
        <parameter name="truststore" locked="false">
            <TrustStore>
                <Location>repository/resources/security/client-truststore.jks</Location>
                <Type>JKS</Type>
                <Password>wso2carbon</Password>
            </TrustStore>
        </parameter>-->
        <!--<parameter name="SSLVerifyClient">require</parameter>
            supports optional|require or defaults to none -->
    <!--</transportReceiver>-->

    <!--<transportReceiver name="vfs" class="org.apache.synapse.transport.vfs.VFSTransportListener"/>-->

    <!--<transportReceiver name="mailto" class="org.apache.axis2.transport.mail.MailTransportListener">-->
        <!-- configure any optional POP3/IMAP properties
        check com.sun.mail.pop3 and com.sun.mail.imap package documentation for more details-->
    <!--</transportReceiver>-->

    <!--<transportReceiver name="admin/https" class="org.wso2.esb.transport.tomcat.HttpsTransportListener">-->
        <!--<parameter name="port" locked="false">9444</parameter>-->
        <!--<parameter name="non-blocking" locked="false">true</parameter>-->
    <!--</transportReceiver>-->

    <!--Uncomment this and configure as appropriate for JMS transport support, after setting up your JMS environment (e.g. ActiveMQ)
    <transportReceiver name="jms" class="org.apache.axis2.transport.jms.JMSListener">
        <parameter name="myTopicConnectionFactory" locked="false">
        	<parameter name="java.naming.factory.initial" locked="false">org.apache.activemq.jndi.ActiveMQInitialContextFactory</parameter>
        	<parameter name="java.naming.provider.url" locked="false">tcp://apies.northeurope.cloudapp.azure.com:61616</parameter>
        	<parameter name="transport.jms.ConnectionFactoryJNDIName" locked="false">TopicConnectionFactory</parameter>
		    <parameter name="transport.jms.ConnectionFactoryType" locked="false">topic</parameter>
        </parameter>

        <parameter name="myQueueConnectionFactory" locked="false">
        	<parameter name="java.naming.factory.initial" locked="false">org.apache.activemq.jndi.ActiveMQInitialContextFactory</parameter>
        	<parameter name="java.naming.provider.url" locked="false">tcp://apies.northeurope.cloudapp.azure.com:61616</parameter>
        	<parameter name="transport.jms.ConnectionFactoryJNDIName" locked="false">QueueConnectionFactory</parameter>
		    <parameter name="transport.jms.ConnectionFactoryType" locked="false">queue</parameter>
        </parameter>

        <parameter name="default" locked="false">
        	<parameter name="java.naming.factory.initial" locked="false">org.apache.activemq.jndi.ActiveMQInitialContextFactory</parameter>
        	<parameter name="java.naming.provider.url" locked="false">tcp://apies.northeurope.cloudapp.azure.com:61616</parameter>
        	<parameter name="transport.jms.ConnectionFactoryJNDIName" locked="false">QueueConnectionFactory</parameter>
		    <parameter name="transport.jms.ConnectionFactoryType" locked="false">queue</parameter>
        </parameter>
    </transportReceiver>-->

    <!--Uncomment this and configure as appropriate for JMS transport support with Apache Qpid -->
    <!--transportReceiver name="jms" class="org.apache.axis2.transport.jms.JMSListener">
        <parameter name="myTopicConnectionFactory" locked="false">
            <parameter name="java.naming.factory.initial" locked="false">org.apache.qpid.jndi.PropertiesFileInitialContextFactory</parameter>
            <parameter name="java.naming.provider.url" locked="false">repository/conf/jndi.properties</parameter>
            <parameter name="transport.jms.ConnectionFactoryJNDIName" locked="false">TopicConnectionFactory</parameter>
            <parameter name="transport.jms.ConnectionFactoryType" locked="false">topic</parameter>
        </parameter>

        <parameter name="myQueueConnectionFactory" locked="false">
            <parameter name="java.naming.factory.initial" locked="false">org.apache.qpid.jndi.PropertiesFileInitialContextFactory</parameter>
            <parameter name="java.naming.provider.url" locked="false">repository/conf/jndi.properties</parameter>
            <parameter name="transport.jms.ConnectionFactoryJNDIName" locked="false">QueueConnectionFactory</parameter>
            <parameter name="transport.jms.ConnectionFactoryType" locked="false">queue</parameter>
        </parameter>

        <parameter name="default" locked="false">
            <parameter name="java.naming.factory.initial" locked="false">org.apache.qpid.jndi.PropertiesFileInitialContextFactory</parameter>
            <parameter name="java.naming.provider.url" locked="false">repository/conf/jndi.properties</parameter>
            <parameter name="transport.jms.ConnectionFactoryJNDIName" locked="false">QueueConnectionFactory</parameter>
            <parameter name="transport.jms.ConnectionFactoryType" locked="false">queue</parameter>
        </parameter>
    </transportReceiver-->

    <!--Uncomment this for FIX transport support
    <transportReceiver name="fix" class="org.apache.synapse.transport.fix.FIXTransportListener"/>
    -->

    <!--<transportReceiver name="http"-->
                       <!--class="org.wso2.carbon.core.transports.http.HttpTransportListener">-->
        <!--
           Uncomment the following if you are deploying this within an application server. You
           need to specify the HTTP port of the application server
        -->
        <!--<parameter name="port">9763</parameter>-->

        <!--
       Uncomment the following to enable Apache2 mod_proxy. The port on the Apache server is 80
       in this case.
        -->
        <!--<parameter name="proxyPort">80</parameter>-->
    <!--</transportReceiver>-->

    <!--<transportReceiver name="https"-->
                       <!--class="org.wso2.carbon.core.transports.http.HttpsTransportListener">-->
        <!--
           Uncomment the following if you are deploying this within an application server. You
           need to specify the HTTPS port of the application server
        -->
        <!--<parameter name="port">9443</parameter>-->

        <!--
       Uncomment the following to enable Apache2 mod_proxy. The port on the Apache server is 443
       in this case.
        -->
        <!--<parameter name="proxyPort">443</parameter>-->
    <!--</transportReceiver>-->

    <!-- ================================================= -->
    <!--             Transport Outs (Senders)              -->
    <!-- ================================================= -->

    <transportSender name="http" class="org.apache.synapse.transport.passthru.PassThroughHttpSender">
        <parameter name="non-blocking" locked="false">true</parameter>
    </transportSender>

    <!-- the non-blocking http transport based on HttpCore + NIO extensions -->
    <!--transportSender name="http" class="org.apache.synapse.transport.nhttp.HttpCoreNIOSender">
        <parameter name="non-blocking" locked="false">true</parameter>
    </transportSender>
    <transportSender name="https" class="org.apache.synapse.transport.nhttp.HttpCoreNIOSSLSender">
        <parameter name="non-blocking" locked="false">true</parameter>
        <parameter name="keystore" locked="false">
            <KeyStore>
                <Location>repository/resources/security/newkeystore.jks</Location>
                <Type>JKS</Type>
                <Password>Devops2019</Password>
                <KeyPassword>Devops2019</KeyPassword>
            </KeyStore>
        </parameter>
        <parameter name="truststore" locked="false">
            <TrustStore>
                <Location>repository/resources/security/client-truststore.jks</Location>
                <Type>JKS</Type>
                <Password>wso2carbon</Password>
            </TrustStore>
        </parameter-->
        <!--<parameter name="HostnameVerifier">DefaultAndapies.northeurope.cloudapp.azure.com</parameter>-->
            <!--supports Strict|AllowAll|DefaultAndapies.northeurope.cloudapp.azure.com or the default if none specified -->
    <!--/transportSender-->

    <!-- Transport sender for the non blocking local transport-->
    <!--transportSender name="local" class="org.apache.axis2.transport.local.NonBlockingLocalTransportSender"/-->
    <transportSender name="local" class="org.wso2.carbon.core.transports.local.CarbonLocalTransportSender"/>

    <!-- Pass-through HTTP Transport Senders -->
    <!--<transportSender name="passthru-http"  class="org.wso2.carbon.transport.passthru.PassThroughHttpSender">
        <parameter name="non-blocking" locked="false">true</parameter>
        <parameter name="warnOnHTTP500" locked="false">*</parameter>-->
        <!--parameter name="http.proxyHost" locked="false">apies.northeurope.cloudapp.azure.com</parameter>
        <parameter name="http.proxyPort" locked="false">3128</parameter>
        <parameter name="http.nonProxyHosts" locked="false">apies.northeurope.cloudapp.azure.com|moon|sun</parameter-->
    <!--</transportSender>-->

    <transportSender name="https" class="org.apache.synapse.transport.passthru.PassThroughHttpSSLSender">
        <parameter name="non-blocking" locked="false">true</parameter>
        <parameter name="keystore" locked="false">
            <KeyStore>
                <Location>repository/resources/security/newkeystore.jks</Location>
                <Type>JKS</Type>
                <Password>Devops2019</Password>
                <KeyPassword>Devops2019</KeyPassword>
            </KeyStore>
        </parameter>
        <parameter name="truststore" locked="false">
            <TrustStore>
                <Location>repository/resources/security/client-truststore.jks</Location>
                <Type>JKS</Type>
                <Password>wso2carbon</Password>
            </TrustStore>
        </parameter>
        <!-- ============================================== -->
        <!-- Configuration for Dynamic SSL Profile loading. -->
        <!-- Configured for 10 mins. -->
        <!-- ============================================== -->
        <parameter name="dynamicSSLProfilesConfig">
            <filePath>repository/resources/security/sslprofiles.xml</filePath>
            <fileReadInterval>600000</fileReadInterval>
        </parameter>
        <!--<parameter name="HostnameVerifier">DefaultAndapies.northeurope.cloudapp.azure.com</parameter>-->
            <!--supports Strict|AllowAll|DefaultAndapies.northeurope.cloudapp.azure.com or the default if none specified -->
    </transportSender>

    <!--<transportSender name="passthru-https" class="org.wso2.carbon.transport.passthru.PassThroughHttpSSLSender">
        <parameter name="non-blocking" locked="false">true</parameter>
        <parameter name="keystore" locked="false">
            <KeyStore>
                <Location>repository/resources/security/newkeystore.jks</Location>
                <Type>JKS</Type>
                <Password>Devops2019</Password>
                <KeyPassword>Devops2019</KeyPassword>
            </KeyStore>
        </parameter>
        <parameter name="truststore" locked="false">
            <TrustStore>
                <Location>repository/resources/security/client-truststore.jks</Location>
                <Type>JKS</Type>
                <Password>wso2carbon</Password>
            </TrustStore>
        </parameter>-->
        <!--<parameter name="HostnameVerifier">DefaultAndapies.northeurope.cloudapp.azure.com</parameter>-->
            <!--supports Strict|AllowAll|DefaultAndapies.northeurope.cloudapp.azure.com or the default if none specified -->
    <!--</transportSender>-->

     <!-- uncomment this and configure to use connection pools for sending messages>
     <transportSender name="jms" class="org.apache.axis2.transport.jms.JMSSender"/-->

    <!--transportSender name="vfs" class="org.apache.synapse.transport.vfs.VFSTransportSender"/-->

    <!-- Uncomment and configure the SMTP server information
    check com.sun.mail.smtp package documentation for descriptions of properties
    <transportSender name="mailto" class="org.apache.axis2.transport.mail.MailTransportSender">
        <parameter name="mail.smtp.host">smtp.gmail.com</parameter>
        <parameter name="mail.smtp.port">587</parameter>
        <parameter name="mail.smtp.starttls.enable">true</parameter>
        <parameter name="mail.smtp.auth">true</parameter>
        <parameter name="mail.smtp.user">synapse.demo.0</parameter>
        <parameter name="mail.smtp.password">mailpassword</parameter>
        <parameter name="mail.smtp.from">synapse.demo.0@gmail.com</parameter>
    </transportSender>-->

    <!--Uncomment this for FIX transport support
    <transportSender name="fix" class="org.apache.synapse.transport.fix.FIXTransportSender"/>
    -->

    <!--<transportSender name="http"-->
                     <!--class="org.apache.axis2.transport.http.CommonsHTTPTransportSender">-->
        <!--<parameter name="PROTOCOL">HTTP/1.1</parameter>-->
        <!--<parameter name="Transfer-Encoding">chunked</parameter>-->
        <!-- This parameter has been added to overcome problems encounted in SOAP action parameter -->
        <!--<parameter name="OmitSOAP12Action">true</parameter>-->
    <!--</transportSender>-->
    <transportSender name="ws" class="org.wso2.carbon.websocket.transport.WebsocketTransportSender">
        <parameter name="ws.outflow.dispatch.sequence" locked="false">outflowDispatchSeq</parameter>
        <parameter name="ws.outflow.dispatch.fault.sequence" locked="false">outflowFaultSeq</parameter>
    </transportSender>

    <transportSender name="wss" class="org.wso2.carbon.websocket.transport.WebsocketTransportSender">
        <parameter name="ws.outflow.dispatch.sequence" locked="false">outflowDispatchSeq</parameter>
        <parameter name="ws.outflow.dispatch.fault.sequence" locked="false">outflowFaultSeq</parameter>
        <parameter name="ws.trust.store" locked="false">
            <ws.trust.store.location>repository/resources/security/client-truststore.jks</ws.trust.store.location>
            <ws.trust.store.Password>wso2carbon</ws.trust.store.Password>
        </parameter>
    </transportSender>

    <!--<transportSender name="https"-->
                     <!--class="org.apache.axis2.transport.http.CommonsHTTPTransportSender">-->
        <!--<parameter name="PROTOCOL">HTTP/1.1</parameter>-->
        <!--<parameter name="Transfer-Encoding">chunked</parameter>-->
        <!-- This parameter has been added to overcome problems encounted in SOAP action parameter -->
        <!--<parameter name="OmitSOAP12Action">true</parameter>-->
    <!--</transportSender>-->

    <!-- ================================================= -->
    <!--             Global Engaged Modules                -->
    <!-- ================================================= -->

    <!-- Comment this out to disable Addressing -->
    <module ref="addressing"/>

    <!--
    Uncomment out the following entry if SOAP (text/xml and application/soap+xml) messages
    are processed through the message relay.
    -->
    <!--module ref="relay"/-->


    <!-- ================================================= -->
    <!--                Clustering                         -->
    <!-- ================================================= -->
    <!--
     To enable clustering for this node, set the value of "enable" attribute of the "clustering"
     element to "true". The initialization of a node in the cluster is handled by the class
     corresponding to the "class" attribute of the "clustering" element. It is also responsible for
     getting this node to join the cluster.
     -->
    <clustering class="org.wso2.carbon.core.clustering.hazelcast.HazelcastClusteringAgent"
                enable="false">

        <!--
           This parameter indicates whether the cluster has to be automatically initalized
           when the AxisConfiguration is built. If set to "true" the initialization will not be
           done at that stage, and some other party will have to explictly initialize the cluster.
        -->
        <parameter name="AvoidInitiation">true</parameter>

        <!--
           The membership scheme used in this setup. The only values supported at the moment are
           "multicast" and "wka"

           1. multicast - membership is automatically discovered using multicasting
           2. wka - Well-Known Address based multicasting. Membership is discovered with the help
                    of one or more nodes running at a Well-Known Address. New members joining a
                    cluster will first connect to a well-known node, register with the well-known node
                    and get the membership list from it. When new members join, one of the well-known
                    nodes will notify the others in the group. When a member leaves the cluster or
                    is deemed to have left the cluster, it will be detected by the Group Membership
                    Service (GMS) using a TCP ping mechanism.
        -->
        <parameter name="membershipScheme">multicast</parameter>
        <!--<parameter name="licenseKey">xxx</parameter>-->
        <!--<parameter name="mgtCenterURL">http://apies.northeurope.cloudapp.azure.com:8081/mancenter/</parameter>-->

        <!--
         The clustering domain/group. Nodes in the same group will belong to the same multicast
         domain. There will not be interference between nodes in different groups.
        -->
        <parameter name="domain">wso2.carbon.domain</parameter>

        <!-- The multicast address to be used -->
        <!--<parameter name="mcastAddress">228.0.0.4</parameter>-->

        <!-- The multicast port to be used -->
        <parameter name="mcastPort">45564</parameter>

        <parameter name="mcastTTL">100</parameter>

        <parameter name="mcastTimeout">60</parameter>

        <!--
           The IP address of the network interface to which the multicasting has to be bound to.
           Multicasting would be done using this interface.
        -->
        <!--
            <parameter name="mcastBindAddress">127.0.0.1</parameter>
        -->
        <!-- The host name or IP address of this member -->

        <parameter name="localMemberHost">127.0.0.1</parameter>

        <!--
            The bind adress of this member. The difference between localMemberHost & localMemberBindAddress
            is that localMemberHost is the one that is advertised by this member, while localMemberBindAddress
            is the address to which this member is bound to.
        -->
        <!--
        <parameter name="localMemberBindAddress">127.0.0.1</parameter>
        -->

        <!--
        The TCP port used by this member. This is the port through which other nodes will
        contact this member
         -->
        <parameter name="localMemberPort">4000</parameter>

        <!--
            The bind port of this member. The difference between localMemberPort & localMemberBindPort
            is that localMemberPort is the one that is advertised by this member, while localMemberBindPort
            is the port to which this member is bound to.
        -->
        <!--
        <parameter name="localMemberBindPort">4001</parameter>
        -->

        <!--
        Properties specific to this member
        -->
        <parameter name="properties">
            <property name="backendServerURL" value="https://${hostName}:${httpsPort}/services/"/>
            <property name="mgtConsoleURL" value="https://${hostName}:${httpsPort}/"/>
            <property name="subDomain" value="worker"/>
        </parameter>

        <!--
           The list of static or well-known members. These entries will only be valid if the
           "membershipScheme" above is set to "wka"
        -->
        <members>
            <member>
                <hostName>127.0.0.1</hostName>
                <port>4000</port>
            </member>
        </members>

        <!--
        Enable the groupManagement entry if you need to run this node as a cluster manager.
        Multiple application domains with different GroupManagementAgent implementations
        can be defined in this section.
        -->
        <groupManagement enable="false">
            <applicationDomain name="wso2.apim.domain"
                               description="APIM group"
                               agent="org.wso2.carbon.core.clustering.hazelcast.HazelcastGroupManagementAgent"
                               subDomain="worker"
                               port="2222"/>
        </groupManagement>
    </clustering>

    <!-- ================================================= -->
    <!--                   Transactions                    -->
    <!-- ================================================= -->

    <!--
        Uncomment and configure the following section to enable transactions support
    -->
    <!--<transaction timeout="30000">
        <parameter name="java.naming.factory.initial">org.apache.activemq.jndi.ActiveMQInitialContextFactory</parameter>
        <parameter name="java.naming.provider.url">tcp://apies.northeurope.cloudapp.azure.com:61616</parameter>
        <parameter name="UserTransactionJNDIName">UserTransaction</parameter>
        <parameter name="TransactionManagerJNDIName">TransactionManager</parameter>
    </transaction>-->

    <!-- ================================================= -->
    <!--                    Phases                         -->
    <!-- ================================================= -->

    <phaseOrder type="InFlow">
        <!--  System pre defined phases       -->
        <!--
           The MsgInObservation phase is used to observe messages as soon as they are
           received. In this phase, we could do some things such as SOAP message tracing & keeping
           track of the time at which a particular message was received

           NOTE: This should be the very first phase in this flow
        -->
	<phase name="MsgInObservation">
		<handler name="TraceMessageBuilderDispatchHandler"
                 	 class="org.apache.synapse.transport.passthru.util.TraceMessageBuilderDispatchHandler"/>
	</phase>
	<phase name="Validation"/>
        <phase name="Transport">
            <!--TEMPORALY-->
            <!--handler name="TenantActiveCheckDispatcher"
                     class="org.wso2.carbon.tenant.dispatcher.TenantActiveCheckDispatcher">
                <order phase="Transport"/>
            </handler-->
            <handler name="RequestURIBasedDispatcher"
                     class="org.apache.axis2.dispatchers.RequestURIBasedDispatcher">
                <order phase="Transport"/>
            </handler>
	    <handler name="CarbonContextConfigurator"
		class="org.wso2.carbon.mediation.initializer.handler.CarbonContextConfigurator"/>
            <handler name="SOAPActionBasedDispatcher"
                     class="org.apache.axis2.dispatchers.SOAPActionBasedDispatcher">
                <order phase="Transport"/>
            </handler>
            <!--handler name="SMTPFaultHandler"
                     class="org.wso2.carbon.core.transports.smtp.SMTPFaultHandler">
                <order phase="Transport"/>
            </handler-->
            <!-- TEMPORALY-->
            <!--handler name="CacheMessageBuilderDispatchandler"
                     class="org.wso2.carbon.mediation.initializer.handler.CacheMessageBuilderDispatchandler"/-->
            <handler name="CarbonContentConfigurator"
                     class="org.wso2.carbon.mediation.initializer.handler.CarbonContextConfigurator"/>
        </phase>
        <phase name="Addressing">
            <handler name="AddressingBasedDispatcher"
                     class="org.apache.axis2.dispatchers.AddressingBasedDispatcher">
                <order phase="Addressing"/>
            </handler>

        </phase>
        <phase name="Security"/>
        <phase name="PreDispatch"/>
        <phase name="Dispatch" class="org.apache.axis2.engine.DispatchPhase">
            <handler name="RequestURIBasedDispatcher"
                     class="org.apache.axis2.dispatchers.RequestURIBasedDispatcher"/>
            <handler name="SOAPActionBasedDispatcher"
                     class="org.apache.axis2.dispatchers.SOAPActionBasedDispatcher"/>
            <handler name="RequestURIOperationDispatcher"
                     class="org.apache.axis2.dispatchers.RequestURIOperationDispatcher"/>
            <handler name="SOAPMessageBodyBasedDispatcher"
                     class="org.apache.axis2.dispatchers.SOAPMessageBodyBasedDispatcher"/>

	    <handler name="HTTPLocationBasedDispatcher"
                     class="org.apache.axis2.dispatchers.HTTPLocationBasedDispatcher"/>
            <handler name="MultitenantDispatcher"
                     class="org.wso2.carbon.tenant.dispatcher.MultitenantDispatcher"/>
            <handler name="SynapseDispatcher"
                     class="org.apache.synapse.core.axis2.SynapseDispatcher"/>
            <handler name="SynapseMustUnderstandHandler"
                     class="org.apache.synapse.core.axis2.SynapseMustUnderstandHandler"/>
        </phase>
        <!--  System pre defined phases       -->
        <phase name="RMPhase"/>
        <phase name="OpPhase"/>
        <phase name="AuthPhase"/>
        <phase name="MUPhase"/>
        <!-- After Postdispatch phase module author or or service author can add any phase he want -->
        <phase name="OperationInPhase"/>
    </phaseOrder>

    <phaseOrder type="OutFlow">
        <!-- Handlers related to unified-endpoint component are added to the UEPPhase -->
        <phase name="UEPPhase" />
        <!--      user can add his own phases to this area  -->
        <phase name="RMPhase"/>
        <phase name="MUPhase"/>
        <phase name="OpPhase"/>
        <phase name="OperationOutPhase"/>
        <!--system predefined phase-->
        <!--these phase will run irrespective of the service-->
        <phase name="PolicyDetermination"/>
		<!--security handler for pass through -->
		<phase name="PTSecurityOutPhase">
			<handler name="RelaySecuirtyMessageBuilderDispatchandler"
                     class="org.apache.synapse.transport.passthru.util.RelaySecuirtyMessageBuilderDispatchandler"/>
        </phase>
        <phase name="MessageOut"/>
        <phase name="Security"/>

        <!--
           The MsgOutObservation phase is used tju,o observe messages just before the
           responses are sent out. In this phase, we could do some things such as SOAP message
           tracing & keeping track of the time at which a particular response was sent.

           NOTE: This should be the very last phase in this flow
        -->
        <phase name="MsgOutObservation"/>
    </phaseOrder>

    <phaseOrder type="InFaultFlow">
        <!--
           The MsgInObservation phase is used to observe messages as soon as they are
           received. In this phase, we could do some things such as SOAP message tracing & keeping
           track of the time at which a particular message was received

           NOTE: This should be the very first phase in this flow
        -->
        <phase name="MsgInObservation"/>
	<phase name="Validation"/>

        <phase name="Transport">
            <handler name="RequestURIBasedDispatcher"
                     class="org.apache.axis2.dispatchers.RequestURIBasedDispatcher">
                <order phase="Transport"/>
            </handler>
            <handler name="SOAPActionBasedDispatcher"
                     class="org.apache.axis2.dispatchers.SOAPActionBasedDispatcher">
                <order phase="Transport"/>
            </handler>
	    <handler name="CarbonContentConfigurator"
            class="org.wso2.carbon.mediation.initializer.handler.CarbonContextConfigurator"/>
           </phase>

           <phase name="Addressing">
            <handler name="AddressingBasedDispatcher"
                     class="org.apache.axis2.dispatchers.AddressingBasedDispatcher">
                <order phase="Addressing"/>
            </handler>
           </phase>

        <phase name="Security"/>
        <phase name="PreDispatch"/>
        <phase name="Dispatch" class="org.apache.axis2.engine.DispatchPhase">
            <handler name="RequestURIBasedDispatcher"
                     class="org.apache.axis2.dispatchers.RequestURIBasedDispatcher"/>
            <handler name="SOAPActionBasedDispatcher"
                     class="org.apache.axis2.dispatchers.SOAPActionBasedDispatcher"/>
            <handler name="RequestURIOperationDispatcher"
                     class="org.apache.axis2.dispatchers.RequestURIOperationDispatcher"/>
            <handler name="SOAPMessageBodyBasedDispatcher"
                     class="org.apache.axis2.dispatchers.SOAPMessageBodyBasedDispatcher"/>

            <handler name="HTTPLocationBasedDispatcher"
                     class="org.apache.axis2.dispatchers.HTTPLocationBasedDispatcher"/>
        </phase>
        <!--      user can add his own phases to this area  -->
        <phase name="RMPhase"/>
        <phase name="OpPhase"/>
        <phase name="MUPhase"/>
        <phase name="OperationInFaultPhase"/>
    </phaseOrder>

    <phaseOrder type="OutFaultFlow">
        <!-- Handlers related to unified-endpoint component are added to the UEPPhase -->
        <phase name="UEPPhase" />
        <!--      user can add his own phases to this area  -->
        <phase name="RMPhase"/>
        <!-- Must Understand Header processing phase -->
        <phase name="MUPhase"/>
        <phase name="OperationOutFaultPhase"/>
        <phase name="PolicyDetermination"/>
        <phase name="MessageOut"/>
        <phase name="Security"/>
	<phase name="Transport"/>
        <!--
           The MsgOutObservation phase is used to observe messages just before the
           responses are sent out. In this phase, we could do some things such as SOAP message
           tracing & keeping track of the time at which a particular response was sent.

           NOTE: This should be the very last phase in this flow
        -->
        <phase name="MsgOutObservation"/>
    </phaseOrder>

</axisconfig>
